[
{
  "model": "sessions.session",
  "pk": "1280ekds34dr8mke26jf66390hgyxh1m",
  "fields": {
    "session_data": "e30:1vzf7O:xkUZm4j1TO2WKuowX-xCYpB_GSQFfPmL0n7o-drZUek",
    "expire_date": "2026-03-23T18:14:14.669Z"
  }
},
{
  "model": "sessions.session",
  "pk": "3e7p6f4agskybknu5yapcsrk66tpitzk",
  "fields": {
    "session_data": ".eJxVjEEOwiAQRe_C2hAQCoNL956BMMwgVUOT0q6Md7dNutDtf-_9t4hpXWpcO89xJHERWpx-N0z5yW0H9EjtPsk8tWUeUe6KPGiXt4n4dT3cv4Oaet1qmxx7FcqQSUMAi1gMkjJGG4DM2XkoFjgVj3rDHJwbKBQ4A2ZiVcTnC-uFOF8:1vxSIs:JBeSVGIrx1WBC0pBmHQYjQ_S0eTVwVn8ETrDKuR9Fsc",
    "expire_date": "2026-03-17T16:08:58.730Z"
  }
},
{
  "model": "sessions.session",
  "pk": "3ovnq5w2mfixujlcs41jppd5qqv03sez",
  "fields": {
    "session_data": ".eJxVjMsOwiAQRf-FtSHQUh4u3fsNZIYZpGogKe3K-O_apAvd3nPOfYkI21ri1nmJM4mzGMXpd0NID647oDvUW5Op1XWZUe6KPGiX10b8vBzu30GBXr61mbzOaEdvIEzZgAoDuYBBK5cZnXE5kSIkQ1Znr40aRmAGSxwUA5J4fwDg-TiX:1vzVeE:ZWdlAqYGX2ediXxOvSK7F-z2j5kOuUERTGIjnzVKAXA",
    "expire_date": "2026-03-23T08:07:30.507Z"
  }
},
{
  "model": "sessions.session",
  "pk": "8rvwpa1jy4kxh5rvxfpkrg5mxcrh645l",
  "fields": {
    "session_data": "e30:1vzf7B:8sv5kQB1y_AuLT8uEF8jK6naY_V0WfgZcxaa_xX1Auo",
    "expire_date": "2026-03-23T18:14:01.457Z"
  }
},
{
  "model": "sessions.session",
  "pk": "8zcnqxj4zzg3v2829v1orucmpei37h28",
  "fields": {
    "session_data": "e30:1vzf2m:ZmjJRXRtxfSjLkWKvX2nRWduETif3w9y_KyWOWEI87k",
    "expire_date": "2026-03-23T18:09:28.480Z"
  }
},
{
  "model": "sessions.session",
  "pk": "csi4oa8fnwc0yu5ysbygyngh0fkkn966",
  "fields": {
    "session_data": ".eJxVjEEOwiAQRe_C2hAQCoNL956BMMwgVUOT0q6Md7dNutDtf-_9t4hpXWpcO89xJHERWpx-N0z5yW0H9EjtPsk8tWUeUe6KPGiXt4n4dT3cv4Oaet1qmxx7FcqQSUMAi1gMkjJGG4DM2XkoFjgVj3rDHJwbKBQ4A2ZiVcTnC-uFOF8:1vxSH7:tsVmQZHutlA9s4JF7dKsYWY22IopvKPmKm_gWIsiAWA",
    "expire_date": "2026-03-17T16:07:09.812Z"
  }
},
{
  "model": "sessions.session",
  "pk": "cv7gyax53hbiurqxywk9eyts65kkxcwt",
  "fields": {
    "session_data": "e30:1vzf7Z:El_o2-KXREvamoVsF6gO2PvzuxRwkKVhv8TC9-3omYA",
    "expire_date": "2026-03-23T18:14:25.085Z"
  }
},
{
  "model": "sessions.session",
  "pk": "fhgp5cy3m4wp5p7x3rspyltn1pb3ozur",
  "fields": {
    "session_data": ".eJxVjMsOwiAQRf-FtSFAebp07zcQZgakaiAp7cr479qkC93ec859sZi2tcZt5CXOxM5MsdPvBgkfue2A7qndOsfe1mUGviv8oINfO-Xn5XD_Dmoa9VtPugQAhYlASGG1cgbJlimA0j4Y8JpQSLQho7JglLNSWkfSFwCDk2DvD-EQN5k:1vzfZX:3ac17MhwKvCTuoupBtnTZnr8niyLqVrM5hXc7aOVc9A",
    "expire_date": "2026-03-23T18:43:19.596Z"
  }
},
{
  "model": "sessions.session",
  "pk": "iq10j5be31c12f5du0mf0iu9rgj5uwfu",
  "fields": {
    "session_data": ".eJxVjEEOwiAQRe_C2hAQCoNL956BMMwgVUOT0q6Md7dNutDtf-_9t4hpXWpcO89xJHERWpx-N0z5yW0H9EjtPsk8tWUeUe6KPGiXt4n4dT3cv4Oaet1qmxx7FcqQSUMAi1gMkjJGG4DM2XkoFjgVj3rDHJwbKBQ4A2ZiVcTnC-uFOF8:1vxSI4:9t9Oy5fqrBKfNIKHq2W5uihGI-CUg0CWzviKUVwm5Wc",
    "expire_date": "2026-03-17T16:08:08.752Z"
  }
},
{
  "model": "sessions.session",
  "pk": "j3fk1wuti5d35qfzsw94ke97xg8zuhpx",
  "fields": {
    "session_data": ".eJxVjEEOwiAQRe_C2hAQCoNL956BMMwgVUOT0q6Md7dNutDtf-_9t4hpXWpcO89xJHERWpx-N0z5yW0H9EjtPsk8tWUeUe6KPGiXt4n4dT3cv4Oaet1qmxx7FcqQSUMAi1gMkjJGG4DM2XkoFjgVj3rDHJwbKBQ4A2ZiVcTnC-uFOF8:1vxSIJ:dmhcZpfHC7iEYui2ML4t9zFbLvsVsa7nHNoVx4KFKqE",
    "expire_date": "2026-03-17T16:08:23.949Z"
  }
},
{
  "model": "sessions.session",
  "pk": "k6pas8y6abs9jntsc8yp5mzwu265cz1t",
  "fields": {
    "session_data": ".eJxVjEEOwiAQRe_C2hAQCoNL956BMMwgVUOT0q6Md7dNutDtf-_9t4hpXWpcO89xJHERWpx-N0z5yW0H9EjtPsk8tWUeUe6KPGiXt4n4dT3cv4Oaet1qmxx7FcqQSUMAi1gMkjJGG4DM2XkoFjgVj3rDHJwbKBQ4A2ZiVcTnC-uFOF8:1vxSGu:CAney57xdOBBlbpEGuPQ9lzPfB2WFxXPt00CTXPZ2Nk",
    "expire_date": "2026-03-17T16:06:56.613Z"
  }
},
{
  "model": "sessions.session",
  "pk": "quhaul0fwgpejjvn4a0i9kcbc1qdtq2i",
  "fields": {
    "session_data": "e30:1vzfUX:xRS0b3lZpnPwBKDib9mi2xAFFDrm5ZTlMwCkCag8V7A",
    "expire_date": "2026-03-23T18:38:09.592Z"
  }
},
{
  "model": "sessions.session",
  "pk": "qz7fruxzxo6am3g0g85slvrnr6ajvwzd",
  "fields": {
    "session_data": "e30:1vzf2d:PG489umqNN9lZdm_6Qs78V_kpgmUB2da0WY_8Wspu1o",
    "expire_date": "2026-03-23T18:09:19.288Z"
  }
},
{
  "model": "sessions.session",
  "pk": "rkad38tjdobawo9nyzy0wx99v6k2h0hm",
  "fields": {
    "session_data": "e30:1vzfUx:kc1C66z1QvhP2P32Lc7qimmZKd6g5_R9a7APqxLWtLU",
    "expire_date": "2026-03-23T18:38:35.215Z"
  }
},
{
  "model": "sessions.session",
  "pk": "urzceonadpawli3lycit6iwz3wb1wt0s",
  "fields": {
    "session_data": ".eJxVjEEOwiAQRe_C2hAQCoNL956BMMwgVUOT0q6Md7dNutDtf-_9t4hpXWpcO89xJHERWpx-N0z5yW0H9EjtPsk8tWUeUe6KPGiXt4n4dT3cv4Oaet1qmxx7FcqQSUMAi1gMkjJGG4DM2XkoFjgVj3rDHJwbKBQ4A2ZiVcTnC-uFOF8:1vy7FT:WOPcgGkU4eOqq9rWkA-N5Q5a1EtBtA3NtzeaY1zEH3E",
    "expire_date": "2026-03-19T11:52:11.094Z"
  }
},
{
  "model": "sessions.session",
  "pk": "zfno2ydsakce2holzv8zan3l5iu2dlia",
  "fields": {
    "session_data": ".eJxVjMsOwiAQRf-FtSHQUh4u3fsNZIYZpGogKe3K-O_apAvd3nPOfYkI21ri1nmJM4mzGMXpd0NID647oDvUW5Op1XWZUe6KPGiX10b8vBzu30GBXr61mbzOaEdvIEzZgAoDuYBBK5cZnXE5kSIkQ1Znr40aRmAGSxwUA5J4fwDg-TiX:1w0NQp:YwoPPnq4Pt2IPjfhR-Y-4Q1i6YfL_yEeefbTiOhmhYA",
    "expire_date": "2026-03-25T17:33:15.404Z"
  }
},
{
  "model": "inventory.inventory",
  "pk": 7,
  "fields": {
    "item_name": "Momo",
    "category": "snacks",
    "price": "120.00",
    "quantity": 122,
    "food_image": "inventory_images/momo_W9ZJ1aI.webp",
    "is_available": true
  }
},
{
  "model": "inventory.inventory",
  "pk": 8,
  "fields": {
    "item_name": "Veg Khana",
    "category": "main_course",
    "price": "90.00",
    "quantity": 205,
    "food_image": "inventory_images/rice_39qh0cf.jpg",
    "is_available": true
  }
},
{
  "model": "inventory.inventory",
  "pk": 9,
  "fields": {
    "item_name": "Veg Pizza",
    "category": "main_course",
    "price": "350.00",
    "quantity": 102,
    "food_image": "inventory_images/pizza_aptA0Ip.jpg",
    "is_available": true
  }
},
{
  "model": "inventory.inventory",
  "pk": 10,
  "fields": {
    "item_name": "CocaCola",
    "category": "beverages",
    "price": "70.00",
    "quantity": 257,
    "food_image": "inventory_images/coke_Pdki7xN.jpg",
    "is_available": true
  }
},
{
  "model": "accounts.customuser",
  "pk": 1,
  "fields": {
    "password": "pbkdf2_sha256$1000000$iS2ANLjZYpH3wbLc9WYOzf$DeilQxpn2ZfZwHmzMB21INRRJumj5erd4guxxcvq9zk=",
    "last_login": "2026-03-05T11:52:11.075Z",
    "is_superuser": false,
    "username": "suvam",
    "first_name": "",
    "last_name": "",
    "email": "",
    "is_staff": false,
    "is_active": true,
    "date_joined": "2026-03-03T16:01:08.470Z",
    "user_code": "12345",
    "role": "student",
    "groups": [],
    "user_permissions": []
  }
},
{
  "model": "accounts.customuser",
  "pk": 2,
  "fields": {
    "password": "pbkdf2_sha256$1000000$vgSTFcb1U8F811Mt2Aas52$plVfOizJdTKCb0u4xOrWaHVE9peLN5WXz6wQAA9xsYg=",
    "last_login": "2026-03-11T17:11:33.069Z",
    "is_superuser": true,
    "username": "admin",
    "first_name": "",
    "last_name": "",
    "email": "",
    "is_staff": true,
    "is_active": true,
    "date_joined": "2026-03-03T16:02:15.077Z",
    "user_code": "00002",
    "role": "admin",
    "groups": [],
    "user_permissions": []
  }
},
{
  "model": "accounts.customuser",
  "pk": 3,
  "fields": {
    "password": "pbkdf2_sha256$1000000$O3EAtHIjlDdINhOR52bLI2$P1uqs+En7t1oeW+6sAGRKwm30cRyHoQAQidJItmuTg4=",
    "last_login": "2026-03-11T17:33:15.393Z",
    "is_superuser": false,
    "username": "Suhan",
    "first_name": "",
    "last_name": "",
    "email": "",
    "is_staff": false,
    "is_active": true,
    "date_joined": "2026-03-09T08:07:24.914Z",
    "user_code": "08043",
    "role": "student",
    "groups": [],
    "user_permissions": []
  }
},
{
  "model": "orders.order",
  "pk": 1,
  "fields": {
    "user": 1,
    "order_date": "2026-03-03T16:08:58.749Z",
    "total_amount": "50.00",
    "is_paid": true
  }
},
{
  "model": "orders.order",
  "pk": 2,
  "fields": {
    "user": 1,
    "order_date": "2026-03-03T16:09:17.531Z",
    "total_amount": "240.00",
    "is_paid": true
  }
},
{
  "model": "orders.order",
  "pk": 3,
  "fields": {
    "user": 1,
    "order_date": "2026-03-03T16:12:31.281Z",
    "total_amount": "25.00",
    "is_paid": true
  }
},
{
  "model": "orders.order",
  "pk": 4,
  "fields": {
    "user": 1,
    "order_date": "2026-03-03T16:17:49.620Z",
    "total_amount": "120.00",
    "is_paid": true
  }
},
{
  "model": "orders.order",
  "pk": 5,
  "fields": {
    "user": 1,
    "order_date": "2026-03-03T16:23:53.389Z",
    "total_amount": "120.00",
    "is_paid": true
  }
},
{
  "model": "orders.order",
  "pk": 6,
  "fields": {
    "user": 1,
    "order_date": "2026-03-03T16:24:02.712Z",
    "total_amount": "120.00",
    "is_paid": true
  }
},
{
  "model": "orders.order",
  "pk": 7,
  "fields": {
    "user": 1,
    "order_date": "2026-03-03T16:31:40.295Z",
    "total_amount": "840.00",
    "is_paid": true
  }
},
{
  "model": "orders.order",
  "pk": 8,
  "fields": {
    "user": 1,
    "order_date": "2026-03-03T16:41:01.842Z",
    "total_amount": "280.00",
    "is_paid": true
  }
},
{
  "model": "orders.order",
  "pk": 9,
  "fields": {
    "user": 1,
    "order_date": "2026-03-03T16:41:10.488Z",
    "total_amount": "2170.00",
    "is_paid": true
  }
},
{
  "model": "orders.order",
  "pk": 10,
  "fields": {
    "user": 1,
    "order_date": "2026-03-03T16:54:09.924Z",
    "total_amount": "420.00",
    "is_paid": true
  }
},
{
  "model": "orders.order",
  "pk": 11,
  "fields": {
    "user": 1,
    "order_date": "2026-03-03T16:54:48.307Z",
    "total_amount": "70.00",
    "is_paid": true
  }
},
{
  "model": "orders.order",
  "pk": 12,
  "fields": {
    "user": 1,
    "order_date": "2026-03-03T17:00:05.223Z",
    "total_amount": "800.00",
    "is_paid": true
  }
},
{
  "model": "orders.order",
  "pk": 13,
  "fields": {
    "user": 1,
    "order_date": "2026-03-03T17:09:20.643Z",
    "total_amount": "360.00",
    "is_paid": true
  }
},
{
  "model": "orders.order",
  "pk": 14,
  "fields": {
    "user": 1,
    "order_date": "2026-03-05T08:26:06.595Z",
    "total_amount": "270.00",
    "is_paid": true
  }
},
{
  "model": "orders.order",
  "pk": 15,
  "fields": {
    "user": 1,
    "order_date": "2026-03-05T08:34:05.675Z",
    "total_amount": "420.00",
    "is_paid": true
  }
},
{
  "model": "orders.order",
  "pk": 16,
  "fields": {
    "user": 1,
    "order_date": "2026-03-05T08:34:18.033Z",
    "total_amount": "1400.00",
    "is_paid": true
  }
},
{
  "model": "orders.order",
  "pk": 17,
  "fields": {
    "user": 1,
    "order_date": "2026-03-05T08:40:04.252Z",
    "total_amount": "990.00",
    "is_paid": true
  }
},
{
  "model": "orders.order",
  "pk": 18,
  "fields": {
    "user": 1,
    "order_date": "2026-03-05T08:52:01.064Z",
    "total_amount": "440.00",
    "is_paid": true
  }
},
{
  "model": "orders.order",
  "pk": 19,
  "fields": {
    "user": 1,
    "order_date": "2026-03-05T08:59:19.341Z",
    "total_amount": "2100.00",
    "is_paid": true
  }
},
{
  "model": "orders.order",
  "pk": 20,
  "fields": {
    "user": 1,
    "order_date": "2026-03-05T09:04:44.884Z",
    "total_amount": "2200.00",
    "is_paid": true
  }
},
{
  "model": "orders.order",
  "pk": 21,
  "fields": {
    "user": 1,
    "order_date": "2026-03-05T09:05:44.958Z",
    "total_amount": "800.00",
    "is_paid": true
  }
},
{
  "model": "orders.order",
  "pk": 22,
  "fields": {
    "user": 1,
    "order_date": "2026-03-05T11:52:14.086Z",
    "total_amount": "700.00",
    "is_paid": true
  }
},
{
  "model": "orders.order",
  "pk": 23,
  "fields": {
    "user": 1,
    "order_date": "2026-03-05T11:54:12.199Z",
    "total_amount": "70.00",
    "is_paid": true
  }
},
{
  "model": "orders.order",
  "pk": 24,
  "fields": {
    "user": 1,
    "order_date": "2026-03-05T11:54:29.913Z",
    "total_amount": "1400.00",
    "is_paid": true
  }
},
{
  "model": "orders.order",
  "pk": 25,
  "fields": {
    "user": 1,
    "order_date": "2026-03-05T11:54:39.341Z",
    "total_amount": "870.00",
    "is_paid": true
  }
},
{
  "model": "orders.order",
  "pk": 26,
  "fields": {
    "user": 3,
    "order_date": "2026-03-09T08:07:36.682Z",
    "total_amount": "630.00",
    "is_paid": true
  }
},
{
  "model": "orders.order",
  "pk": 27,
  "fields": {
    "user": 3,
    "order_date": "2026-03-09T08:07:56.820Z",
    "total_amount": "630.00",
    "is_paid": true
  }
},
{
  "model": "orders.order",
  "pk": 28,
  "fields": {
    "user": 3,
    "order_date": "2026-03-09T18:37:43.231Z",
    "total_amount": "70.00",
    "is_paid": true
  }
},
{
  "model": "orders.order",
  "pk": 29,
  "fields": {
    "user": 3,
    "order_date": "2026-03-10T17:29:34.599Z",
    "total_amount": "420.00",
    "is_paid": true
  }
},
{
  "model": "orders.order",
  "pk": 30,
  "fields": {
    "user": 3,
    "order_date": "2026-03-10T17:48:14.086Z",
    "total_amount": "440.00",
    "is_paid": true
  }
},
{
  "model": "orders.order",
  "pk": 31,
  "fields": {
    "user": 3,
    "order_date": "2026-03-10T17:50:55.519Z",
    "total_amount": "70.00",
    "is_paid": true
  }
},
{
  "model": "orders.order",
  "pk": 32,
  "fields": {
    "user": 3,
    "order_date": "2026-03-11T02:02:22.562Z",
    "total_amount": "90.00",
    "is_paid": true
  }
},
{
  "model": "orders.order",
  "pk": 33,
  "fields": {
    "user": 3,
    "order_date": "2026-03-11T12:39:38.604Z",
    "total_amount": "420.00",
    "is_paid": true
  }
},
{
  "model": "orders.order",
  "pk": 34,
  "fields": {
    "user": 3,
    "order_date": "2026-03-11T15:01:35.185Z",
    "total_amount": "280.00",
    "is_paid": true
  }
},
{
  "model": "orders.order",
  "pk": 35,
  "fields": {
    "user": 3,
    "order_date": "2026-03-11T15:46:56.988Z",
    "total_amount": "70.00",
    "is_paid": true
  }
},
{
  "model": "orders.order",
  "pk": 36,
  "fields": {
    "user": 3,
    "order_date": "2026-03-11T16:40:09.234Z",
    "total_amount": "720.00",
    "is_paid": true
  }
},
{
  "model": "orders.order",
  "pk": 37,
  "fields": {
    "user": 3,
    "order_date": "2026-03-11T17:06:36.642Z",
    "total_amount": "1400.00",
    "is_paid": true
  }
},
{
  "model": "orders.order",
  "pk": 38,
  "fields": {
    "user": 3,
    "order_date": "2026-03-11T17:07:55.118Z",
    "total_amount": "420.00",
    "is_paid": true
  }
},
{
  "model": "orders.order",
  "pk": 39,
  "fields": {
    "user": 3,
    "order_date": "2026-03-11T17:08:36.999Z",
    "total_amount": "10070.00",
    "is_paid": true
  }
},
{
  "model": "orders.order",
  "pk": 40,
  "fields": {
    "user": 3,
    "order_date": "2026-03-11T17:10:52.138Z",
    "total_amount": "420.00",
    "is_paid": true
  }
},
{
  "model": "orders.order",
  "pk": 41,
  "fields": {
    "user": 3,
    "order_date": "2026-03-11T17:11:23.164Z",
    "total_amount": "11130.00",
    "is_paid": true
  }
},
{
  "model": "orders.order",
  "pk": 42,
  "fields": {
    "user": 3,
    "order_date": "2026-03-11T17:13:28.749Z",
    "total_amount": "420.00",
    "is_paid": true
  }
},
{
  "model": "orders.orderitem",
  "pk": 4,
  "fields": {
    "order": 4,
    "item": 7,
    "quantity": 1,
    "price_at_purchase": "120.00"
  }
},
{
  "model": "orders.orderitem",
  "pk": 5,
  "fields": {
    "order": 5,
    "item": 7,
    "quantity": 1,
    "price_at_purchase": "120.00"
  }
},
{
  "model": "orders.orderitem",
  "pk": 6,
  "fields": {
    "order": 6,
    "item": 7,
    "quantity": 1,
    "price_at_purchase": "120.00"
  }
},
{
  "model": "orders.orderitem",
  "pk": 7,
  "fields": {
    "order": 7,
    "item": 9,
    "quantity": 2,
    "price_at_purchase": "350.00"
  }
},
{
  "model": "orders.orderitem",
  "pk": 8,
  "fields": {
    "order": 7,
    "item": 10,
    "quantity": 2,
    "price_at_purchase": "70.00"
  }
},
{
  "model": "orders.orderitem",
  "pk": 9,
  "fields": {
    "order": 8,
    "item": 7,
    "quantity": 1,
    "price_at_purchase": "120.00"
  }
},
{
  "model": "orders.orderitem",
  "pk": 10,
  "fields": {
    "order": 8,
    "item": 8,
    "quantity": 1,
    "price_at_purchase": "90.00"
  }
},
{
  "model": "orders.orderitem",
  "pk": 11,
  "fields": {
    "order": 8,
    "item": 10,
    "quantity": 1,
    "price_at_purchase": "70.00"
  }
},
{
  "model": "orders.orderitem",
  "pk": 12,
  "fields": {
    "order": 9,
    "item": 9,
    "quantity": 6,
    "price_at_purchase": "350.00"
  }
},
{
  "model": "orders.orderitem",
  "pk": 13,
  "fields": {
    "order": 9,
    "item": 10,
    "quantity": 1,
    "price_at_purchase": "70.00"
  }
},
{
  "model": "orders.orderitem",
  "pk": 14,
  "fields": {
    "order": 10,
    "item": 9,
    "quantity": 1,
    "price_at_purchase": "350.00"
  }
},
{
  "model": "orders.orderitem",
  "pk": 15,
  "fields": {
    "order": 10,
    "item": 10,
    "quantity": 1,
    "price_at_purchase": "70.00"
  }
},
{
  "model": "orders.orderitem",
  "pk": 16,
  "fields": {
    "order": 11,
    "item": 10,
    "quantity": 1,
    "price_at_purchase": "70.00"
  }
},
{
  "model": "orders.orderitem",
  "pk": 17,
  "fields": {
    "order": 12,
    "item": 7,
    "quantity": 3,
    "price_at_purchase": "120.00"
  }
},
{
  "model": "orders.orderitem",
  "pk": 18,
  "fields": {
    "order": 12,
    "item": 8,
    "quantity": 1,
    "price_at_purchase": "90.00"
  }
},
{
  "model": "orders.orderitem",
  "pk": 19,
  "fields": {
    "order": 12,
    "item": 9,
    "quantity": 1,
    "price_at_purchase": "350.00"
  }
},
{
  "model": "orders.orderitem",
  "pk": 20,
  "fields": {
    "order": 13,
    "item": 8,
    "quantity": 4,
    "price_at_purchase": "90.00"
  }
},
{
  "model": "orders.orderitem",
  "pk": 21,
  "fields": {
    "order": 14,
    "item": 8,
    "quantity": 3,
    "price_at_purchase": "90.00"
  }
},
{
  "model": "orders.orderitem",
  "pk": 22,
  "fields": {
    "order": 15,
    "item": 9,
    "quantity": 1,
    "price_at_purchase": "350.00"
  }
},
{
  "model": "orders.orderitem",
  "pk": 23,
  "fields": {
    "order": 15,
    "item": 10,
    "quantity": 1,
    "price_at_purchase": "70.00"
  }
},
{
  "model": "orders.orderitem",
  "pk": 24,
  "fields": {
    "order": 16,
    "item": 9,
    "quantity": 4,
    "price_at_purchase": "350.00"
  }
},
{
  "model": "orders.orderitem",
  "pk": 25,
  "fields": {
    "order": 17,
    "item": 7,
    "quantity": 3,
    "price_at_purchase": "120.00"
  }
},
{
  "model": "orders.orderitem",
  "pk": 26,
  "fields": {
    "order": 17,
    "item": 9,
    "quantity": 1,
    "price_at_purchase": "350.00"
  }
},
{
  "model": "orders.orderitem",
  "pk": 27,
  "fields": {
    "order": 17,
    "item": 10,
    "quantity": 4,
    "price_at_purchase": "70.00"
  }
},
{
  "model": "orders.orderitem",
  "pk": 28,
  "fields": {
    "order": 18,
    "item": 8,
    "quantity": 1,
    "price_at_purchase": "90.00"
  }
},
{
  "model": "orders.orderitem",
  "pk": 29,
  "fields": {
    "order": 18,
    "item": 9,
    "quantity": 1,
    "price_at_purchase": "350.00"
  }
},
{
  "model": "orders.orderitem",
  "pk": 30,
  "fields": {
    "order": 19,
    "item": 9,
    "quantity": 6,
    "price_at_purchase": "350.00"
  }
},
{
  "model": "orders.orderitem",
  "pk": 31,
  "fields": {
    "order": 20,
    "item": 8,
    "quantity": 5,
    "price_at_purchase": "90.00"
  }
},
{
  "model": "orders.orderitem",
  "pk": 32,
  "fields": {
    "order": 20,
    "item": 9,
    "quantity": 5,
    "price_at_purchase": "350.00"
  }
},
{
  "model": "orders.orderitem",
  "pk": 33,
  "fields": {
    "order": 21,
    "item": 8,
    "quantity": 5,
    "price_at_purchase": "90.00"
  }
},
{
  "model": "orders.orderitem",
  "pk": 34,
  "fields": {
    "order": 21,
    "item": 9,
    "quantity": 1,
    "price_at_purchase": "350.00"
  }
},
{
  "model": "orders.orderitem",
  "pk": 35,
  "fields": {
    "order": 22,
    "item": 9,
    "quantity": 2,
    "price_at_purchase": "350.00"
  }
},
{
  "model": "orders.orderitem",
  "pk": 36,
  "fields": {
    "order": 23,
    "item": 10,
    "quantity": 1,
    "price_at_purchase": "70.00"
  }
},
{
  "model": "orders.orderitem",
  "pk": 37,
  "fields": {
    "order": 24,
    "item": 9,
    "quantity": 4,
    "price_at_purchase": "350.00"
  }
},
{
  "model": "orders.orderitem",
  "pk": 38,
  "fields": {
    "order": 25,
    "item": 8,
    "quantity": 5,
    "price_at_purchase": "90.00"
  }
},
{
  "model": "orders.orderitem",
  "pk": 39,
  "fields": {
    "order": 25,
    "item": 9,
    "quantity": 1,
    "price_at_purchase": "350.00"
  }
},
{
  "model": "orders.orderitem",
  "pk": 40,
  "fields": {
    "order": 25,
    "item": 10,
    "quantity": 1,
    "price_at_purchase": "70.00"
  }
},
{
  "model": "orders.orderitem",
  "pk": 41,
  "fields": {
    "order": 26,
    "item": 7,
    "quantity": 1,
    "price_at_purchase": "120.00"
  }
},
{
  "model": "orders.orderitem",
  "pk": 42,
  "fields": {
    "order": 26,
    "item": 8,
    "quantity": 1,
    "price_at_purchase": "90.00"
  }
},
{
  "model": "orders.orderitem",
  "pk": 43,
  "fields": {
    "order": 26,
    "item": 9,
    "quantity": 1,
    "price_at_purchase": "350.00"
  }
},
{
  "model": "orders.orderitem",
  "pk": 44,
  "fields": {
    "order": 26,
    "item": 10,
    "quantity": 1,
    "price_at_purchase": "70.00"
  }
},
{
  "model": "orders.orderitem",
  "pk": 45,
  "fields": {
    "order": 27,
    "item": 7,
    "quantity": 1,
    "price_at_purchase": "120.00"
  }
},
{
  "model": "orders.orderitem",
  "pk": 46,
  "fields": {
    "order": 27,
    "item": 8,
    "quantity": 1,
    "price_at_purchase": "90.00"
  }
},
{
  "model": "orders.orderitem",
  "pk": 47,
  "fields": {
    "order": 27,
    "item": 9,
    "quantity": 1,
    "price_at_purchase": "350.00"
  }
},
{
  "model": "orders.orderitem",
  "pk": 48,
  "fields": {
    "order": 27,
    "item": 10,
    "quantity": 1,
    "price_at_purchase": "70.00"
  }
},
{
  "model": "orders.orderitem",
  "pk": 49,
  "fields": {
    "order": 28,
    "item": 10,
    "quantity": 1,
    "price_at_purchase": "70.00"
  }
},
{
  "model": "orders.orderitem",
  "pk": 50,
  "fields": {
    "order": 29,
    "item": 9,
    "quantity": 1,
    "price_at_purchase": "350.00"
  }
},
{
  "model": "orders.orderitem",
  "pk": 51,
  "fields": {
    "order": 29,
    "item": 10,
    "quantity": 1,
    "price_at_purchase": "70.00"
  }
},
{
  "model": "orders.orderitem",
  "pk": 52,
  "fields": {
    "order": 30,
    "item": 8,
    "quantity": 1,
    "price_at_purchase": "90.00"
  }
},
{
  "model": "orders.orderitem",
  "pk": 53,
  "fields": {
    "order": 30,
    "item": 9,
    "quantity": 1,
    "price_at_purchase": "350.00"
  }
},
{
  "model": "orders.orderitem",
  "pk": 54,
  "fields": {
    "order": 31,
    "item": 10,
    "quantity": 1,
    "price_at_purchase": "70.00"
  }
},
{
  "model": "orders.orderitem",
  "pk": 55,
  "fields": {
    "order": 32,
    "item": 8,
    "quantity": 1,
    "price_at_purchase": "90.00"
  }
},
{
  "model": "orders.orderitem",
  "pk": 56,
  "fields": {
    "order": 33,
    "item": 9,
    "quantity": 1,
    "price_at_purchase": "350.00"
  }
},
{
  "model": "orders.orderitem",
  "pk": 57,
  "fields": {
    "order": 33,
    "item": 10,
    "quantity": 1,
    "price_at_purchase": "70.00"
  }
},
{
  "model": "orders.orderitem",
  "pk": 58,
  "fields": {
    "order": 34,
    "item": 7,
    "quantity": 1,
    "price_at_purchase": "120.00"
  }
},
{
  "model": "orders.orderitem",
  "pk": 59,
  "fields": {
    "order": 34,
    "item": 8,
    "quantity": 1,
    "price_at_purchase": "90.00"
  }
},
{
  "model": "orders.orderitem",
  "pk": 60,
  "fields": {
    "order": 34,
    "item": 10,
    "quantity": 1,
    "price_at_purchase": "70.00"
  }
},
{
  "model": "orders.orderitem",
  "pk": 61,
  "fields": {
    "order": 35,
    "item": 10,
    "quantity": 1,
    "price_at_purchase": "70.00"
  }
},
{
  "model": "orders.orderitem",
  "pk": 62,
  "fields": {
    "order": 36,
    "item": 8,
    "quantity": 1,
    "price_at_purchase": "90.00"
  }
},
{
  "model": "orders.orderitem",
  "pk": 63,
  "fields": {
    "order": 36,
    "item": 9,
    "quantity": 1,
    "price_at_purchase": "350.00"
  }
},
{
  "model": "orders.orderitem",
  "pk": 64,
  "fields": {
    "order": 36,
    "item": 10,
    "quantity": 4,
    "price_at_purchase": "70.00"
  }
},
{
  "model": "orders.orderitem",
  "pk": 65,
  "fields": {
    "order": 37,
    "item": 7,
    "quantity": 1,
    "price_at_purchase": "120.00"
  }
},
{
  "model": "orders.orderitem",
  "pk": 66,
  "fields": {
    "order": 37,
    "item": 8,
    "quantity": 1,
    "price_at_purchase": "90.00"
  }
},
{
  "model": "orders.orderitem",
  "pk": 67,
  "fields": {
    "order": 37,
    "item": 9,
    "quantity": 2,
    "price_at_purchase": "350.00"
  }
},
{
  "model": "orders.orderitem",
  "pk": 68,
  "fields": {
    "order": 37,
    "item": 10,
    "quantity": 7,
    "price_at_purchase": "70.00"
  }
},
{
  "model": "orders.orderitem",
  "pk": 69,
  "fields": {
    "order": 38,
    "item": 9,
    "quantity": 1,
    "price_at_purchase": "350.00"
  }
},
{
  "model": "orders.orderitem",
  "pk": 70,
  "fields": {
    "order": 38,
    "item": 10,
    "quantity": 1,
    "price_at_purchase": "70.00"
  }
},
{
  "model": "orders.orderitem",
  "pk": 71,
  "fields": {
    "order": 39,
    "item": 7,
    "quantity": 16,
    "price_at_purchase": "120.00"
  }
},
{
  "model": "orders.orderitem",
  "pk": 72,
  "fields": {
    "order": 39,
    "item": 8,
    "quantity": 12,
    "price_at_purchase": "90.00"
  }
},
{
  "model": "orders.orderitem",
  "pk": 73,
  "fields": {
    "order": 39,
    "item": 9,
    "quantity": 19,
    "price_at_purchase": "350.00"
  }
},
{
  "model": "orders.orderitem",
  "pk": 74,
  "fields": {
    "order": 39,
    "item": 10,
    "quantity": 6,
    "price_at_purchase": "70.00"
  }
},
{
  "model": "orders.orderitem",
  "pk": 75,
  "fields": {
    "order": 40,
    "item": 9,
    "quantity": 1,
    "price_at_purchase": "350.00"
  }
},
{
  "model": "orders.orderitem",
  "pk": 76,
  "fields": {
    "order": 40,
    "item": 10,
    "quantity": 1,
    "price_at_purchase": "70.00"
  }
},
{
  "model": "orders.orderitem",
  "pk": 77,
  "fields": {
    "order": 41,
    "item": 7,
    "quantity": 1,
    "price_at_purchase": "120.00"
  }
},
{
  "model": "orders.orderitem",
  "pk": 78,
  "fields": {
    "order": 41,
    "item": 8,
    "quantity": 1,
    "price_at_purchase": "90.00"
  }
},
{
  "model": "orders.orderitem",
  "pk": 79,
  "fields": {
    "order": 41,
    "item": 9,
    "quantity": 31,
    "price_at_purchase": "350.00"
  }
},
{
  "model": "orders.orderitem",
  "pk": 80,
  "fields": {
    "order": 41,
    "item": 10,
    "quantity": 1,
    "price_at_purchase": "70.00"
  }
},
{
  "model": "orders.orderitem",
  "pk": 81,
  "fields": {
    "order": 42,
    "item": 9,
    "quantity": 1,
    "price_at_purchase": "350.00"
  }
},
{
  "model": "orders.orderitem",
  "pk": 82,
  "fields": {
    "order": 42,
    "item": 10,
    "quantity": 1,
    "price_at_purchase": "70.00"
  }
},
{
  "model": "payments.payment",
  "pk": 1,
  "fields": {
    "order": 22,
    "payment_method": "CASH",
    "amount_paid": "700.00",
    "payment_time": "2026-03-05T11:52:14.099Z"
  }
},
{
  "model": "payments.payment",
  "pk": 2,
  "fields": {
    "order": 23,
    "payment_method": "CASH",
    "amount_paid": "70.00",
    "payment_time": "2026-03-05T11:54:12.210Z"
  }
},
{
  "model": "payments.payment",
  "pk": 3,
  "fields": {
    "order": 24,
    "payment_method": "CASH",
    "amount_paid": "1400.00",
    "payment_time": "2026-03-05T11:54:29.920Z"
  }
},
{
  "model": "payments.payment",
  "pk": 4,
  "fields": {
    "order": 25,
    "payment_method": "CASH",
    "amount_paid": "870.00",
    "payment_time": "2026-03-05T11:54:39.355Z"
  }
},
{
  "model": "payments.payment",
  "pk": 5,
  "fields": {
    "order": 26,
    "payment_method": "CASH",
    "amount_paid": "630.00",
    "payment_time": "2026-03-09T08:07:36.683Z"
  }
},
{
  "model": "payments.payment",
  "pk": 6,
  "fields": {
    "order": 27,
    "payment_method": "CASH",
    "amount_paid": "630.00",
    "payment_time": "2026-03-09T08:07:56.821Z"
  }
},
{
  "model": "payments.payment",
  "pk": 7,
  "fields": {
    "order": 1,
    "payment_method": "CASH",
    "amount_paid": "50.00",
    "payment_time": "2026-03-09T15:34:29.462Z"
  }
},
{
  "model": "payments.payment",
  "pk": 8,
  "fields": {
    "order": 2,
    "payment_method": "CASH",
    "amount_paid": "240.00",
    "payment_time": "2026-03-09T15:34:29.473Z"
  }
},
{
  "model": "payments.payment",
  "pk": 9,
  "fields": {
    "order": 3,
    "payment_method": "CASH",
    "amount_paid": "25.00",
    "payment_time": "2026-03-09T15:34:29.474Z"
  }
},
{
  "model": "payments.payment",
  "pk": 10,
  "fields": {
    "order": 4,
    "payment_method": "CASH",
    "amount_paid": "120.00",
    "payment_time": "2026-03-09T15:34:29.475Z"
  }
},
{
  "model": "payments.payment",
  "pk": 11,
  "fields": {
    "order": 5,
    "payment_method": "CASH",
    "amount_paid": "120.00",
    "payment_time": "2026-03-09T15:34:29.475Z"
  }
},
{
  "model": "payments.payment",
  "pk": 12,
  "fields": {
    "order": 6,
    "payment_method": "CASH",
    "amount_paid": "120.00",
    "payment_time": "2026-03-09T15:34:29.476Z"
  }
},
{
  "model": "payments.payment",
  "pk": 13,
  "fields": {
    "order": 7,
    "payment_method": "CASH",
    "amount_paid": "840.00",
    "payment_time": "2026-03-09T15:34:29.477Z"
  }
},
{
  "model": "payments.payment",
  "pk": 14,
  "fields": {
    "order": 8,
    "payment_method": "CASH",
    "amount_paid": "280.00",
    "payment_time": "2026-03-09T15:34:29.477Z"
  }
},
{
  "model": "payments.payment",
  "pk": 15,
  "fields": {
    "order": 9,
    "payment_method": "CASH",
    "amount_paid": "2170.00",
    "payment_time": "2026-03-09T15:34:29.478Z"
  }
},
{
  "model": "payments.payment",
  "pk": 16,
  "fields": {
    "order": 10,
    "payment_method": "CASH",
    "amount_paid": "420.00",
    "payment_time": "2026-03-09T15:34:29.478Z"
  }
},
{
  "model": "payments.payment",
  "pk": 17,
  "fields": {
    "order": 11,
    "payment_method": "CASH",
    "amount_paid": "70.00",
    "payment_time": "2026-03-09T15:34:29.479Z"
  }
},
{
  "model": "payments.payment",
  "pk": 18,
  "fields": {
    "order": 12,
    "payment_method": "CASH",
    "amount_paid": "800.00",
    "payment_time": "2026-03-09T15:34:29.480Z"
  }
},
{
  "model": "payments.payment",
  "pk": 19,
  "fields": {
    "order": 13,
    "payment_method": "CASH",
    "amount_paid": "360.00",
    "payment_time": "2026-03-09T15:34:29.480Z"
  }
},
{
  "model": "payments.payment",
  "pk": 20,
  "fields": {
    "order": 14,
    "payment_method": "CASH",
    "amount_paid": "270.00",
    "payment_time": "2026-03-09T15:34:29.481Z"
  }
},
{
  "model": "payments.payment",
  "pk": 21,
  "fields": {
    "order": 15,
    "payment_method": "CASH",
    "amount_paid": "420.00",
    "payment_time": "2026-03-09T15:34:29.481Z"
  }
},
{
  "model": "payments.payment",
  "pk": 22,
  "fields": {
    "order": 16,
    "payment_method": "CASH",
    "amount_paid": "1400.00",
    "payment_time": "2026-03-09T15:34:29.482Z"
  }
},
{
  "model": "payments.payment",
  "pk": 23,
  "fields": {
    "order": 17,
    "payment_method": "CASH",
    "amount_paid": "990.00",
    "payment_time": "2026-03-09T15:34:29.482Z"
  }
},
{
  "model": "payments.payment",
  "pk": 24,
  "fields": {
    "order": 18,
    "payment_method": "CASH",
    "amount_paid": "440.00",
    "payment_time": "2026-03-09T15:34:29.483Z"
  }
},
{
  "model": "payments.payment",
  "pk": 25,
  "fields": {
    "order": 19,
    "payment_method": "CASH",
    "amount_paid": "2100.00",
    "payment_time": "2026-03-09T15:34:29.484Z"
  }
},
{
  "model": "payments.payment",
  "pk": 26,
  "fields": {
    "order": 20,
    "payment_method": "CASH",
    "amount_paid": "2200.00",
    "payment_time": "2026-03-09T15:34:29.484Z"
  }
},
{
  "model": "payments.payment",
  "pk": 27,
  "fields": {
    "order": 21,
    "payment_method": "CASH",
    "amount_paid": "800.00",
    "payment_time": "2026-03-09T15:34:29.485Z"
  }
},
{
  "model": "payments.payment",
  "pk": 28,
  "fields": {
    "order": 28,
    "payment_method": "CASH",
    "amount_paid": "70.00",
    "payment_time": "2026-03-09T18:37:43.232Z"
  }
},
{
  "model": "payments.payment",
  "pk": 29,
  "fields": {
    "order": 29,
    "payment_method": "CASH",
    "amount_paid": "420.00",
    "payment_time": "2026-03-10T17:29:34.601Z"
  }
},
{
  "model": "payments.payment",
  "pk": 30,
  "fields": {
    "order": 30,
    "payment_method": "CASH",
    "amount_paid": "440.00",
    "payment_time": "2026-03-10T17:48:14.087Z"
  }
},
{
  "model": "payments.payment",
  "pk": 31,
  "fields": {
    "order": 31,
    "payment_method": "CASH",
    "amount_paid": "70.00",
    "payment_time": "2026-03-10T17:50:55.520Z"
  }
},
{
  "model": "payments.payment",
  "pk": 32,
  "fields": {
    "order": 32,
    "payment_method": "CASH",
    "amount_paid": "90.00",
    "payment_time": "2026-03-11T02:02:22.563Z"
  }
},
{
  "model": "payments.payment",
  "pk": 33,
  "fields": {
    "order": 33,
    "payment_method": "CASH",
    "amount_paid": "420.00",
    "payment_time": "2026-03-11T12:39:38.606Z"
  }
},
{
  "model": "payments.payment",
  "pk": 34,
  "fields": {
    "order": 34,
    "payment_method": "CASH",
    "amount_paid": "280.00",
    "payment_time": "2026-03-11T15:01:35.188Z"
  }
},
{
  "model": "payments.payment",
  "pk": 35,
  "fields": {
    "order": 35,
    "payment_method": "CASH",
    "amount_paid": "70.00",
    "payment_time": "2026-03-11T15:46:56.990Z"
  }
},
{
  "model": "payments.payment",
  "pk": 36,
  "fields": {
    "order": 36,
    "payment_method": "CASH",
    "amount_paid": "720.00",
    "payment_time": "2026-03-11T16:40:09.237Z"
  }
},
{
  "model": "payments.payment",
  "pk": 37,
  "fields": {
    "order": 37,
    "payment_method": "CASH",
    "amount_paid": "1400.00",
    "payment_time": "2026-03-11T17:06:36.647Z"
  }
},
{
  "model": "payments.payment",
  "pk": 38,
  "fields": {
    "order": 38,
    "payment_method": "CASH",
    "amount_paid": "420.00",
    "payment_time": "2026-03-11T17:07:55.122Z"
  }
},
{
  "model": "payments.payment",
  "pk": 39,
  "fields": {
    "order": 39,
    "payment_method": "CASH",
    "amount_paid": "10070.00",
    "payment_time": "2026-03-11T17:08:37.003Z"
  }
},
{
  "model": "payments.payment",
  "pk": 40,
  "fields": {
    "order": 40,
    "payment_method": "CASH",
    "amount_paid": "420.00",
    "payment_time": "2026-03-11T17:10:52.140Z"
  }
},
{
  "model": "payments.payment",
  "pk": 41,
  "fields": {
    "order": 41,
    "payment_method": "CASH",
    "amount_paid": "11130.00",
    "payment_time": "2026-03-11T17:11:23.168Z"
  }
},
{
  "model": "payments.payment",
  "pk": 42,
  "fields": {
    "order": 42,
    "payment_method": "CASH",
    "amount_paid": "420.00",
    "payment_time": "2026-03-11T17:13:28.751Z"
  }
},
{
  "model": "payments.receipt",
  "pk": 1,
  "fields": {
    "order": 22,
    "generated_at": "2026-03-05T11:52:14.102Z"
  }
},
{
  "model": "payments.receipt",
  "pk": 2,
  "fields": {
    "order": 23,
    "generated_at": "2026-03-05T11:54:12.214Z"
  }
},
{
  "model": "payments.receipt",
  "pk": 3,
  "fields": {
    "order": 24,
    "generated_at": "2026-03-05T11:54:29.924Z"
  }
},
{
  "model": "payments.receipt",
  "pk": 4,
  "fields": {
    "order": 25,
    "generated_at": "2026-03-05T11:54:39.360Z"
  }
},
{
  "model": "payments.receipt",
  "pk": 5,
  "fields": {
    "order": 26,
    "generated_at": "2026-03-09T08:07:36.683Z"
  }
},
{
  "model": "payments.receipt",
  "pk": 6,
  "fields": {
    "order": 27,
    "generated_at": "2026-03-09T08:07:56.821Z"
  }
},
{
  "model": "payments.receipt",
  "pk": 7,
  "fields": {
    "order": 1,
    "generated_at": "2026-03-09T15:34:29.473Z"
  }
},
{
  "model": "payments.receipt",
  "pk": 8,
  "fields": {
    "order": 2,
    "generated_at": "2026-03-09T15:34:29.474Z"
  }
},
{
  "model": "payments.receipt",
  "pk": 9,
  "fields": {
    "order": 3,
    "generated_at": "2026-03-09T15:34:29.474Z"
  }
},
{
  "model": "payments.receipt",
  "pk": 10,
  "fields": {
    "order": 4,
    "generated_at": "2026-03-09T15:34:29.475Z"
  }
},
{
  "model": "payments.receipt",
  "pk": 11,
  "fields": {
    "order": 5,
    "generated_at": "2026-03-09T15:34:29.476Z"
  }
},
{
  "model": "payments.receipt",
  "pk": 12,
  "fields": {
    "order": 6,
    "generated_at": "2026-03-09T15:34:29.476Z"
  }
},
{
  "model": "payments.receipt",
  "pk": 13,
  "fields": {
    "order": 7,
    "generated_at": "2026-03-09T15:34:29.477Z"
  }
},
{
  "model": "payments.receipt",
  "pk": 14,
  "fields": {
    "order": 8,
    "generated_at": "2026-03-09T15:34:29.478Z"
  }
},
{
  "model": "payments.receipt",
  "pk": 15,
  "fields": {
    "order": 9,
    "generated_at": "2026-03-09T15:34:29.478Z"
  }
},
{
  "model": "payments.receipt",
  "pk": 16,
  "fields": {
    "order": 10,
    "generated_at": "2026-03-09T15:34:29.479Z"
  }
},
{
  "model": "payments.receipt",
  "pk": 17,
  "fields": {
    "order": 11,
    "generated_at": "2026-03-09T15:34:29.479Z"
  }
},
{
  "model": "payments.receipt",
  "pk": 18,
  "fields": {
    "order": 12,
    "generated_at": "2026-03-09T15:34:29.480Z"
  }
},
{
  "model": "payments.receipt",
  "pk": 19,
  "fields": {
    "order": 13,
    "generated_at": "2026-03-09T15:34:29.480Z"
  }
},
{
  "model": "payments.receipt",
  "pk": 20,
  "fields": {
    "order": 14,
    "generated_at": "2026-03-09T15:34:29.481Z"
  }
},
{
  "model": "payments.receipt",
  "pk": 21,
  "fields": {
    "order": 15,
    "generated_at": "2026-03-09T15:34:29.482Z"
  }
},
{
  "model": "payments.receipt",
  "pk": 22,
  "fields": {
    "order": 16,
    "generated_at": "2026-03-09T15:34:29.482Z"
  }
},
{
  "model": "payments.receipt",
  "pk": 23,
  "fields": {
    "order": 17,
    "generated_at": "2026-03-09T15:34:29.483Z"
  }
},
{
  "model": "payments.receipt",
  "pk": 24,
  "fields": {
    "order": 18,
    "generated_at": "2026-03-09T15:34:29.483Z"
  }
},
{
  "model": "payments.receipt",
  "pk": 25,
  "fields": {
    "order": 19,
    "generated_at": "2026-03-09T15:34:29.484Z"
  }
},
{
  "model": "payments.receipt",
  "pk": 26,
  "fields": {
    "order": 20,
    "generated_at": "2026-03-09T15:34:29.485Z"
  }
},
{
  "model": "payments.receipt",
  "pk": 27,
  "fields": {
    "order": 21,
    "generated_at": "2026-03-09T15:34:29.485Z"
  }
},
{
  "model": "payments.receipt",
  "pk": 28,
  "fields": {
    "order": 28,
    "generated_at": "2026-03-09T18:37:43.232Z"
  }
},
{
  "model": "payments.receipt",
  "pk": 29,
  "fields": {
    "order": 29,
    "generated_at": "2026-03-10T17:29:34.601Z"
  }
},
{
  "model": "payments.receipt",
  "pk": 30,
  "fields": {
    "order": 30,
    "generated_at": "2026-03-10T17:48:14.087Z"
  }
},
{
  "model": "payments.receipt",
  "pk": 31,
  "fields": {
    "order": 31,
    "generated_at": "2026-03-10T17:50:55.520Z"
  }
},
{
  "model": "payments.receipt",
  "pk": 32,
  "fields": {
    "order": 32,
    "generated_at": "2026-03-11T02:02:22.564Z"
  }
},
{
  "model": "payments.receipt",
  "pk": 33,
  "fields": {
    "order": 33,
    "generated_at": "2026-03-11T12:39:38.606Z"
  }
},
{
  "model": "payments.receipt",
  "pk": 34,
  "fields": {
    "order": 34,
    "generated_at": "2026-03-11T15:01:35.189Z"
  }
},
{
  "model": "payments.receipt",
  "pk": 35,
  "fields": {
    "order": 35,
    "generated_at": "2026-03-11T15:46:56.991Z"
  }
},
{
  "model": "payments.receipt",
  "pk": 36,
  "fields": {
    "order": 36,
    "generated_at": "2026-03-11T16:40:09.237Z"
  }
},
{
  "model": "payments.receipt",
  "pk": 37,
  "fields": {
    "order": 37,
    "generated_at": "2026-03-11T17:06:36.647Z"
  }
},
{
  "model": "payments.receipt",
  "pk": 38,
  "fields": {
    "order": 38,
    "generated_at": "2026-03-11T17:07:55.122Z"
  }
},
{
  "model": "payments.receipt",
  "pk": 39,
  "fields": {
    "order": 39,
    "generated_at": "2026-03-11T17:08:37.003Z"
  }
},
{
  "model": "payments.receipt",
  "pk": 40,
  "fields": {
    "order": 40,
    "generated_at": "2026-03-11T17:10:52.141Z"
  }
},
{
  "model": "payments.receipt",
  "pk": 41,
  "fields": {
    "order": 41,
    "generated_at": "2026-03-11T17:11:23.169Z"
  }
},
{
  "model": "payments.receipt",
  "pk": 42,
  "fields": {
    "order": 42,
    "generated_at": "2026-03-11T17:13:28.752Z"
  }
}
]
